City_ID,City,Lat,Lng,Max Temp,Humidity,Cloudiness,Wind Speed,Country,Current Description
0,Port Alfred,-33.59,26.89,68.41,90,1,7.56,ZA,clear sky
1,Punta Arenas,-53.15,-70.92,60.8,51,40,31.09,CL,scattered clouds
2,Ushuaia,-54.8,-68.3,60.8,41,75,12.75,AR,broken clouds
3,Georgetown,5.41,100.34,78.8,88,40,3.36,MY,light rain
4,Hithadhoo,-0.6,73.08,82.87,74,89,9.75,MV,moderate rain
5,San Luis,-33.3,-66.34,83.71,25,62,8.21,AR,broken clouds
6,Banda Aceh,5.56,95.32,78.46,79,99,2.37,ID,overcast clouds
7,Ponta Do Sol,32.67,-17.1,66.2,72,40,4.7,PT,scattered clouds
8,Kodiak,57.79,-152.41,42.8,81,90,3.36,US,light rain
9,Cabo San Lucas,22.89,-109.91,84.0,65,40,10.29,MX,scattered clouds
10,Ayan,56.45,138.17,11.89,86,93,18.21,RU,overcast clouds
11,Salalah,17.02,54.09,75.2,69,0,2.24,OM,clear sky
12,Tasiilaq,65.61,-37.64,28.4,92,75,9.17,GL,broken clouds
13,Thompson,55.74,-97.86,19.4,79,90,2.24,CA,light snow
14,Yerbogachen,61.28,108.01,4.66,93,100,5.75,RU,overcast clouds
15,Roma,43.21,-75.46,69.8,46,1,10.29,US,clear sky
16,Clyde River,70.47,-68.59,-5.8,83,20,4.7,CA,few clouds
17,Kavieng,-2.57,150.8,83.16,68,44,7.52,PG,scattered clouds
18,Hermanus,-34.42,19.23,60.01,84,0,8.01,ZA,clear sky
19,Alofi,-19.06,-169.92,77.0,78,75,12.75,NU,light intensity drizzle
20,Puerto Ayora,-0.74,-90.35,78.8,65,20,23.04,EC,few clouds
21,Cidreira,-30.18,-50.21,69.04,80,2,14.0,BR,clear sky
22,Ribeira Grande,38.52,-28.7,59.0,77,20,6.93,PT,few clouds
23,Mataura,-46.19,168.86,50.0,57,65,10.0,NZ,broken clouds
24,Klaksvik,62.23,-6.59,41.0,86,85,1.12,FO,overcast clouds
25,Labuhan,-6.88,112.21,78.49,80,0,9.04,ID,clear sky
26,Ancud,-41.87,-73.82,64.4,52,0,9.17,CL,clear sky
27,Avarua,-21.21,-159.78,75.2,83,98,3.36,CK,overcast clouds
28,Brae,60.4,-1.35,44.6,100,74,2.06,GB,broken clouds
29,Chuy,-33.7,-53.46,65.88,78,12,10.6,UY,few clouds
30,Atuona,-9.8,-139.03,77.86,70,66,13.4,PF,broken clouds
31,Birao,10.28,22.79,77.2,33,93,3.96,CF,overcast clouds
32,East London,-33.02,27.91,69.37,81,0,10.92,ZA,clear sky
33,Stokmarknes,68.56,14.91,35.6,80,40,12.75,NO,shower rain
34,Geraldton,-28.77,114.6,68.0,77,90,8.05,AU,overcast clouds
35,Barrow,71.29,-156.79,30.2,92,90,25.28,US,mist
36,Rio Grande,-32.03,-52.1,71.6,73,75,18.34,BR,broken clouds
37,Lebu,-37.62,-73.65,55.99,63,0,23.24,CL,clear sky
38,Kaitangata,-46.28,169.85,51.01,55,95,11.01,NZ,overcast clouds
39,Butaritari,3.07,172.79,81.05,72,100,10.67,KI,overcast clouds
40,Flin Flon,54.77,-101.86,19.4,79,90,6.93,CA,overcast clouds
41,Port Hedland,-20.32,118.57,77.0,83,0,11.41,AU,clear sky
42,Gambela,8.25,34.58,74.08,83,80,3.02,ET,light rain
43,Ardakan,32.31,54.02,60.8,13,20,4.7,IR,few clouds
44,Bluff,-46.6,168.33,50.0,57,2,10.0,NZ,clear sky
45,Upernavik,72.79,-56.15,-1.19,76,0,7.36,GL,clear sky
46,Filadelfia,39.95,-75.16,75.99,31,20,9.17,US,few clouds
47,Tottori,35.5,134.23,58.44,76,6,4.65,JP,clear sky
48,Provideniya,64.38,-173.3,28.27,93,12,5.35,RU,few clouds
49,Airai,-8.93,125.41,62.82,56,90,2.24,TL,overcast clouds
50,Kruisfontein,-34.0,24.73,62.01,78,0,4.74,ZA,clear sky
51,Hastings,50.86,0.57,55.4,93,34,9.17,GB,scattered clouds
52,Vaini,-21.2,-175.2,78.8,74,20,6.93,TO,few clouds
53,Richmond,37.55,-77.46,77.0,50,1,5.82,US,clear sky
54,Dikson,73.51,80.55,-2.87,89,43,11.3,RU,scattered clouds
55,Hokitika,-42.72,170.97,51.6,77,100,8.75,NZ,overcast clouds
56,Starokostyantyniv,49.76,27.2,43.86,92,0,4.74,UA,clear sky
57,Nemuro,43.32,145.57,51.73,72,82,5.84,JP,light rain
58,Marzuq,14.4,46.47,64.65,55,8,3.67,YE,clear sky
59,Diego De Almagro,-26.37,-70.05,76.84,22,0,9.78,CL,clear sky
60,Zhezkazgan,47.8,67.71,50.45,38,82,14.85,KZ,broken clouds
61,Bethel,41.37,-73.41,73.4,35,1,5.82,US,clear sky
62,Roald,62.58,6.13,45.0,93,75,4.7,NO,broken clouds
63,Albany,42.6,-73.97,73.4,43,75,5.82,US,broken clouds
64,Cape Town,-33.93,18.42,64.0,82,75,18.34,ZA,broken clouds
65,Mahebourg,-20.41,57.7,73.4,78,40,6.93,MU,scattered clouds
66,Soma,39.19,27.61,57.2,76,20,13.87,TR,few clouds
67,Castro,-24.79,-50.01,71.47,51,0,3.6,BR,clear sky
68,Kaman,27.65,77.27,66.34,25,0,2.35,IN,clear sky
69,Kara,9.55,1.19,79.9,35,49,1.5,TG,scattered clouds
70,Rikitea,-23.12,-134.97,71.46,72,42,16.82,PF,scattered clouds
71,Port-Cartier,50.03,-66.87,33.8,55,51,6.93,CA,broken clouds
72,Porto Empedocle,37.29,13.53,59.0,100,18,1.99,IT,few clouds
73,Fortuna,40.6,-124.16,55.99,62,20,16.11,US,few clouds
74,Lompoc,34.64,-120.46,57.2,82,75,10.29,US,broken clouds
75,Thiruvananthapuram,8.48,76.92,84.2,79,20,1.12,IN,mist
76,Marsh Harbour,26.54,-77.06,79.18,76,100,27.07,BS,overcast clouds
77,Sobolevo,54.43,31.9,45.3,84,97,11.21,RU,overcast clouds
78,Bathsheba,13.22,-59.52,82.4,83,40,17.22,BB,shower rain
79,Arraial Do Cabo,-22.97,-42.03,75.2,69,75,6.93,BR,broken clouds
80,Port Shepstone,-30.74,30.45,70.03,86,3,7.31,ZA,clear sky
81,Beyneu,45.32,55.2,41.65,72,47,12.26,KZ,scattered clouds
82,Narsaq,60.92,-46.05,28.4,74,75,3.36,GL,broken clouds
83,Komsomolskiy,40.43,71.72,50.0,56,77,4.7,UZ,mist
84,Nikolskoye,59.7,30.79,48.2,87,90,13.42,RU,overcast clouds
85,Merauke,-8.47,140.33,76.12,87,61,5.57,ID,broken clouds
86,Nizwa,22.93,57.53,67.57,78,17,2.08,OM,few clouds
87,Hasaki,35.73,140.83,57.2,93,75,2.24,JP,mist
88,Torbay,47.67,-52.73,46.99,87,75,33.33,CA,light intensity shower rain
89,Singapore,1.29,103.85,78.8,88,75,6.4,SG,broken clouds
90,Sakaiminato,35.55,133.23,55.4,100,75,6.93,JP,broken clouds
91,Yellowknife,62.46,-114.35,12.99,85,90,5.82,CA,light snow
92,Victoria,22.29,114.16,78.01,57,9,1.99,HK,clear sky
93,Lorengau,-2.02,147.27,81.95,69,23,7.61,PG,few clouds
94,Kapaa,22.08,-159.32,82.4,78,40,13.87,US,scattered clouds
95,Mar Del Plata,-38.0,-57.56,71.6,60,0,3.36,AR,clear sky
96,Faanui,-16.48,-151.75,78.93,79,70,12.01,PF,broken clouds
97,Muhos,64.81,25.99,41.0,60,0,20.8,FI,clear sky
98,Busselton,-33.65,115.33,55.0,66,50,3.2,AU,scattered clouds
99,Pevek,69.7,170.31,16.29,96,99,2.62,RU,overcast clouds
100,Tiznit,29.58,-9.5,63.39,68,17,0.98,MA,few clouds
101,Svetlogorsk,52.63,29.73,47.08,91,83,6.55,BY,broken clouds
102,Bengkulu,-3.8,102.27,75.83,85,84,3.74,ID,broken clouds
103,Nassau,40.75,-73.58,73.99,38,1,8.05,US,clear sky
104,Devarkonda,16.7,78.93,71.08,84,13,6.04,IN,few clouds
105,Hami,42.8,93.45,36.19,70,68,4.07,CN,broken clouds
106,Esperance,-33.87,121.9,55.4,100,7,8.05,AU,clear sky
107,Bredasdorp,-34.53,20.04,62.6,51,0,14.99,ZA,clear sky
108,Camacha,33.08,-16.33,64.4,82,20,2.24,PT,few clouds
109,Jamestown,42.1,-79.24,69.01,34,1,5.82,US,clear sky
110,Cobija,-11.03,-68.77,95.58,32,100,1.79,BO,overcast clouds
111,Hilo,19.73,-155.09,80.01,78,90,9.17,US,overcast clouds
112,Adony,47.12,18.86,43.0,93,0,2.24,HU,mist
113,Harper,4.38,-7.72,79.66,84,95,5.41,LR,overcast clouds
114,Meulaboh,4.14,96.13,76.32,86,100,3.71,ID,overcast clouds
115,Araouane,18.9,-3.53,84.42,14,0,9.64,ML,clear sky
116,Samaipata,-18.15,-63.87,76.23,39,11,10.29,BO,few clouds
117,Bonavista,48.65,-53.11,45.0,93,100,10.29,CA,overcast clouds
118,Comarapa,-17.9,-64.48,76.53,35,0,12.08,BO,clear sky
119,Bandarbeyla,9.49,50.81,76.21,85,66,14.47,SO,broken clouds
120,Gwanda,-20.93,29.0,82.69,37,6,5.14,ZW,clear sky
121,Aklavik,68.22,-135.01,33.8,55,75,4.7,CA,broken clouds
122,Port Augusta,-32.5,137.77,50.0,93,0,3.36,AU,clear sky
123,Hobart,-42.88,147.33,45.0,81,20,8.05,AU,few clouds
124,Guia De Isora,28.21,-16.78,70.0,60,20,4.7,ES,few clouds
125,Las Palmas,28.42,-14.01,69.8,77,20,4.7,ES,few clouds
126,Mayo,38.89,-76.51,70.0,55,1,6.93,US,clear sky
127,Qaanaaq,77.48,-69.36,-13.31,71,0,8.39,GL,clear sky
128,Tiksi,71.69,128.87,-8.05,91,0,1.86,RU,clear sky
129,Khatanga,71.97,102.5,-4.34,87,9,12.75,RU,clear sky
130,North Bend,43.41,-124.22,53.6,71,90,14.99,US,overcast clouds
131,Nieves,15.33,120.95,77.0,88,90,9.17,PH,moderate rain
132,Ostrovnoy,68.05,39.51,35.24,86,100,20.07,RU,overcast clouds
133,Santa Fe,-31.63,-60.7,90.0,29,2,5.01,AR,clear sky
134,Chifeng,42.27,118.96,23.79,65,0,4.7,CN,clear sky
135,Caxito,-8.58,13.66,78.8,83,75,8.05,AO,broken clouds
136,Plouzane,48.38,-4.62,57.2,100,90,9.17,FR,overcast clouds
137,Mizdah,31.45,12.98,56.53,78,0,6.38,LY,clear sky
138,Amapa,1.0,-52.0,79.93,78,100,4.0,BR,moderate rain
139,Lillooet,50.69,-121.94,41.0,48,90,8.05,CA,overcast clouds
140,Muravlenko,63.79,74.52,33.51,99,100,8.75,RU,overcast clouds
141,Tuktoyaktuk,69.45,-133.04,26.6,79,75,21.92,CA,light snow
142,Vanavara,60.34,102.28,14.09,97,100,3.29,RU,overcast clouds
143,Dukat,62.55,155.55,-6.03,90,97,3.67,RU,overcast clouds
144,Pitimbu,-7.47,-34.81,80.6,78,40,17.22,BR,scattered clouds
145,Mount Gambier,-37.83,140.77,39.2,93,0,4.7,AU,clear sky
146,Mbanza-Ngungu,-5.25,14.87,70.74,97,98,3.76,CD,overcast clouds
147,Lalawigan,11.59,125.47,76.26,83,99,1.97,PH,overcast clouds
148,Tokomaru,-40.47,175.5,64.99,87,91,5.99,NZ,overcast clouds
149,Hofn,64.25,-15.21,41.76,83,100,11.99,IS,overcast clouds
150,Vaitape,-16.52,-151.75,79.77,77,72,11.92,PF,broken clouds
151,Taltal,-25.4,-70.48,63.27,66,24,5.73,CL,few clouds
152,Bangassou,4.74,22.82,69.98,96,100,1.57,CF,overcast clouds
153,Taoudenni,22.68,-3.98,85.95,14,62,11.12,ML,broken clouds
154,Bedesa,8.9,40.78,62.92,80,91,2.68,ET,overcast clouds
155,Puerto Gaitan,4.31,-72.08,88.11,60,46,6.8,CO,moderate rain
156,Tilichiki,60.47,166.1,17.65,94,0,7.7,RU,clear sky
157,Greensburg,40.3,-79.54,71.6,35,1,0.85,US,clear sky
158,Nyaunglebin,17.95,96.73,73.15,92,0,3.8,MM,light rain
159,Ialibu,-6.28,143.99,57.2,93,40,2.01,PG,scattered clouds
160,Juan Aldama,24.29,-103.39,73.85,20,8,3.11,MX,clear sky
161,Mansa,29.98,75.38,61.56,28,0,0.51,IN,clear sky
162,Fairbanks,64.84,-147.72,26.01,94,100,3.06,US,overcast clouds
163,Imbituba,-28.24,-48.67,75.2,60,20,14.99,BR,few clouds
164,Nishihara,26.18,127.76,75.2,100,1,3.36,JP,clear sky
165,Salinopolis,-0.61,-47.36,82.81,75,25,15.61,BR,scattered clouds
166,Bloemfontein,-29.12,26.21,71.6,35,0,8.05,ZA,clear sky
167,Oussouye,12.48,-16.55,84.2,89,0,2.24,SN,clear sky
168,Altamira,-3.2,-52.21,87.8,62,40,6.93,BR,scattered clouds
169,Chokurdakh,70.63,147.92,2.44,95,100,5.7,RU,overcast clouds
170,Ocampo,21.65,-101.5,71.46,22,80,5.35,MX,broken clouds
171,Carroll,39.55,-77.02,75.2,33,1,6.93,US,clear sky
172,Alice,27.75,-98.07,82.4,54,40,4.7,US,scattered clouds
173,Oxford,51.75,-1.26,50.0,93,55,4.7,GB,broken clouds
174,Muli,2.92,73.57,83.91,70,88,7.9,MV,overcast clouds
175,Kamaishi,39.27,141.88,55.8,80,31,6.13,JP,scattered clouds
176,Diffa,13.32,12.61,74.98,24,0,8.88,NE,clear sky
177,Okhotsk,59.38,143.3,10.44,89,94,14.81,RU,overcast clouds
178,Karpogory,64.0,44.45,35.15,96,100,9.75,RU,light rain
179,Ashoknagar,24.57,77.72,62.92,32,0,2.48,IN,clear sky
180,Sarh,9.14,18.39,78.8,78,0,2.21,TD,clear sky
181,Gat,31.61,34.76,66.99,75,59,5.95,IL,broken clouds
182,Sisimiut,66.94,-53.67,15.49,85,99,14.76,GL,overcast clouds
183,Port Elizabeth,-33.92,25.57,64.4,93,1,8.05,ZA,clear sky
184,Haines Junction,60.75,-137.51,-5.8,70,100,1.12,CA,overcast clouds
185,Pauini,-7.71,-66.98,93.15,42,68,2.89,BR,broken clouds
186,Namatanai,-3.67,152.43,81.68,72,68,5.01,PG,broken clouds
187,Waingapu,-9.66,120.26,79.68,72,85,2.66,ID,overcast clouds
188,Comodoro Rivadavia,-45.87,-67.5,66.2,48,0,14.99,AR,clear sky
189,Cacu,-18.56,-51.13,90.77,29,53,6.73,BR,broken clouds
190,Himensulan,10.6,124.28,77.0,88,90,2.24,PH,overcast clouds
191,Kijang,35.24,129.21,44.6,65,0,2.24,KR,clear sky
192,Acari,-15.43,-74.62,73.04,51,50,7.14,PE,scattered clouds
193,Buenos Aires,-34.61,-58.38,77.0,60,20,13.87,AR,few clouds
194,Ionia,42.99,-85.07,71.6,26,1,16.11,US,clear sky
195,Tabou,4.42,-7.35,78.85,86,89,5.26,CI,light rain
196,Zyryanka,65.75,150.85,-3.82,92,99,6.31,RU,overcast clouds
197,Petropavl,54.88,69.16,41.31,76,100,14.94,KZ,light rain
198,Kobryn,52.21,24.36,45.46,93,0,6.76,BY,clear sky
199,Libourne,44.92,-0.25,59.0,93,100,6.93,FR,overcast clouds
200,Krasavino,60.96,46.48,35.17,87,97,10.96,RU,light rain
201,Tsogni,-2.79,10.1,76.12,94,100,6.04,GA,light rain
202,Murray Bridge,-35.12,139.27,48.0,90,0,3.53,AU,clear sky
203,Isangel,-19.55,169.27,80.89,71,0,7.76,VU,clear sky
204,Christchurch,-43.53,172.63,46.0,100,100,23.04,NZ,moderate rain
205,Puerto Leguizamo,-0.19,-74.78,86.22,63,99,3.18,CO,light rain
206,Kaili,-3.46,120.21,68.88,76,96,2.51,ID,overcast clouds
207,Baykit,61.67,96.37,20.7,95,100,2.86,RU,light snow
208,Bambous Virieux,-20.34,57.76,73.4,78,40,6.93,MU,scattered clouds
209,Santa Cruz Cabralia,-16.28,-39.02,78.8,83,40,12.75,BR,scattered clouds
210,Los Llanos De Aridane,28.66,-17.92,68.0,68,20,8.05,ES,few clouds
211,Mandalgovi,45.76,106.27,26.06,70,0,7.85,MN,clear sky
212,Zhigansk,66.77,123.37,-16.26,88,61,5.28,RU,broken clouds
213,Hambantota,6.12,81.12,79.14,81,0,9.75,LK,light rain
214,Krasnystaw,50.98,23.17,44.6,100,90,8.05,PL,overcast clouds
215,Ambilobe,-13.2,49.05,74.35,77,100,4.07,MG,overcast clouds
216,New Norfolk,-42.78,147.06,45.0,81,20,8.05,AU,few clouds
217,Nantucket,41.28,-70.1,64.4,68,1,11.41,US,clear sky
218,Orlik,52.52,99.83,16.25,89,63,3.31,RU,broken clouds
219,Pacific Grove,36.62,-121.92,57.99,62,20,8.05,US,few clouds
220,Conceicao Das Alagoas,-19.91,-48.39,91.4,21,0,11.41,BR,clear sky
221,Pinega,64.7,43.39,37.76,93,100,8.48,RU,overcast clouds
222,Shimoda,34.67,138.95,60.01,92,98,17.38,JP,overcast clouds
223,San Quintin,30.48,-115.95,65.82,52,0,17.4,MX,clear sky
224,Innisfail,-17.53,146.03,78.17,76,22,4.94,AU,few clouds
225,Urumqi,43.8,87.6,33.8,59,0,2.24,CN,clear sky
226,Pangnirtung,66.15,-65.71,10.4,85,90,9.17,CA,light snow
227,Laguna,38.42,-121.42,62.01,41,1,5.82,US,clear sky
228,Northam,51.03,-4.22,55.99,94,100,13.09,GB,overcast clouds
229,Ordu,40.91,37.68,55.4,93,75,8.05,TR,broken clouds
230,Port Hardy,50.7,-127.42,44.6,65,20,17.22,CA,few clouds
231,Katsuura,35.13,140.3,60.8,77,75,8.05,JP,broken clouds
232,Puerto Madero,14.72,-92.42,86.0,74,75,6.93,MX,broken clouds
233,Kaeo,-35.1,173.78,71.01,71,31,10.0,NZ,scattered clouds
234,Cockburn Town,21.46,-71.14,78.8,78,90,11.41,TC,overcast clouds
235,Saskylakh,71.92,114.08,-8.66,89,3,7.34,RU,clear sky
236,Anan,33.92,134.65,64.4,72,75,6.93,JP,broken clouds
237,Gamba,-2.65,10.0,77.11,91,86,6.4,GA,light rain
238,Dingle,11.0,122.67,73.4,91,96,0.96,PH,overcast clouds
239,Saint George,37.1,-113.58,59.0,22,75,20.8,US,broken clouds
240,Palmer,42.16,-72.33,77.0,29,40,4.7,US,scattered clouds
241,Itumbiara,-18.42,-49.22,88.74,36,50,2.84,BR,scattered clouds
242,Sao Gabriel Da Cachoeira,-0.13,-67.09,87.8,74,40,6.93,BR,scattered clouds
243,Frontera,26.93,-101.45,82.99,32,0,5.01,MX,clear sky
244,Kahului,20.89,-156.47,84.2,62,40,19.46,US,scattered clouds
245,Tuatapere,-46.13,167.68,50.0,57,39,10.0,NZ,scattered clouds
246,Sao Filipe,14.9,-24.5,79.7,76,28,16.06,CV,light rain
247,Avera,33.19,-82.53,80.6,54,40,10.29,US,scattered clouds
248,Dharchula,29.85,80.53,50.61,45,0,3.31,IN,clear sky
249,Auki,-8.77,160.7,82.31,74,22,3.67,SB,few clouds
250,Walvis Bay,-22.96,14.51,60.01,87,0,6.93,NA,clear sky
251,Wenling,28.37,121.36,64.0,81,72,8.12,CN,broken clouds
252,Tibu,8.64,-72.74,86.5,65,57,3.31,CO,broken clouds
253,Beringovskiy,63.05,179.32,28.6,89,34,7.65,RU,scattered clouds
254,Chara,56.91,118.26,-5.48,77,80,2.51,RU,broken clouds
255,Byron Bay,-28.65,153.62,64.0,88,90,8.05,AU,light rain
256,Talara,-4.58,-81.27,67.12,78,37,12.19,PE,scattered clouds
257,Keuruu,62.27,24.7,44.6,87,40,10.29,FI,scattered clouds
258,Letlhakane,-21.42,25.58,87.58,26,1,6.15,BW,clear sky
259,Coquimbo,-29.95,-71.34,62.6,67,0,13.87,CL,clear sky
260,Cloquet,46.72,-92.46,64.4,63,40,10.29,US,scattered clouds
261,Fayaoue,-20.65,166.53,76.35,81,0,15.97,NC,clear sky
262,Wittlich,49.98,6.88,44.6,87,1,1.5,DE,clear sky
263,Prince Rupert,54.32,-130.32,41.0,65,1,13.87,CA,clear sky
264,Atar,20.52,-13.05,87.04,18,99,9.69,MR,overcast clouds
265,Kargasok,59.06,80.86,35.53,84,100,11.74,RU,overcast clouds
266,Fuerte Olimpo,-21.04,-57.87,99.52,20,65,2.48,PY,broken clouds
267,Kalmunai,7.42,81.82,78.75,84,35,3.42,LK,moderate rain
268,Guerrero Negro,27.98,-114.06,70.47,62,42,19.93,MX,scattered clouds
269,Yulara,-25.24,130.99,71.6,15,32,6.93,AU,scattered clouds
270,Naifaru,5.44,73.37,81.77,74,100,5.41,MV,overcast clouds
271,Constitucion,-35.33,-72.42,64.63,56,0,16.37,CL,clear sky
272,Killarney,52.05,-9.52,55.4,93,90,6.93,IE,overcast clouds
273,Lavrentiya,65.58,-171.0,28.69,96,53,10.0,RU,broken clouds
274,Makokou,0.57,12.86,70.74,96,100,2.64,GA,moderate rain
275,Luanda,-8.84,13.23,78.8,83,75,8.05,AO,broken clouds
276,Ixtapa,20.7,-105.2,86.0,55,5,8.05,MX,clear sky
277,Longyearbyen,78.22,15.64,28.4,86,20,2.24,SJ,few clouds
278,Vinukonda,16.05,79.75,72.48,93,0,2.8,IN,clear sky
279,Kashi,39.45,75.98,42.8,30,34,11.18,CN,scattered clouds
280,Bereda,43.27,-7.54,61.0,89,12,13.0,ES,few clouds
281,Saint-Philippe,-21.36,55.77,73.4,78,0,11.41,RE,clear sky
282,Hit,33.64,42.83,67.68,47,100,9.08,IQ,overcast clouds
283,Ryde,50.73,-1.16,54.0,96,56,5.99,GB,broken clouds
284,Omboue,-1.57,9.26,77.77,87,75,8.81,GA,broken clouds
285,Trelew,-43.25,-65.31,71.15,30,94,22.12,AR,overcast clouds
286,Cherskiy,68.75,161.3,4.55,94,100,6.4,RU,overcast clouds
287,Sabang,5.89,95.32,80.29,76,100,2.08,ID,overcast clouds
288,Nelson Bay,-32.72,152.15,63.0,55,44,8.05,AU,scattered clouds
289,Gwadar,25.12,62.33,73.74,73,0,6.98,PK,clear sky
290,Turukhansk,65.82,87.98,18.5,97,100,18.95,RU,light snow
291,Berlevag,70.86,29.09,38.84,75,85,25.23,NO,overcast clouds
292,Olafsvik,64.89,-23.71,41.27,68,91,30.15,IS,light rain
293,Ilulissat,69.22,-51.1,10.4,66,20,5.82,GL,few clouds
294,Turan,16.07,108.22,73.4,94,40,7.56,VN,scattered clouds
295,Boa Vista,2.82,-60.67,78.8,83,75,14.99,BR,moderate rain
296,Pravia,43.49,-6.15,59.0,82,40,4.94,ES,scattered clouds
297,Kloulklubed,7.04,134.26,77.0,94,90,4.7,PW,overcast clouds
298,Oia,40.54,-8.54,60.01,92,79,1.99,PT,broken clouds
299,Saint-Augustin,51.23,-58.65,31.86,89,0,13.98,CA,clear sky
300,Poya,-21.35,165.15,77.13,70,45,8.72,NC,scattered clouds
301,Sitka,57.05,-135.33,35.6,80,40,4.7,US,scattered clouds
302,Kamenka,51.32,42.77,39.0,90,9,9.55,RU,clear sky
303,Pangai,-19.8,-174.35,74.37,80,18,11.72,TO,few clouds
304,Lazaro Cardenas,17.96,-102.2,83.26,71,94,9.53,MX,overcast clouds
305,Lashio,22.93,97.75,59.32,91,0,1.52,MM,clear sky
306,Natal,-5.79,-35.21,82.4,74,40,19.46,BR,scattered clouds
307,Sao Joao Da Barra,-21.64,-41.05,77.0,65,75,11.41,BR,broken clouds
308,Belmonte,-15.86,-38.88,78.8,83,40,12.75,BR,scattered clouds
309,Matagami,49.75,-77.63,35.6,80,1,4.7,CA,clear sky
310,Imeni Babushkina,59.76,43.13,38.62,84,92,12.71,RU,overcast clouds
311,Malakal,9.53,31.66,78.62,28,90,3.69,SS,overcast clouds
312,Mjolby,58.33,15.12,50.0,81,80,10.29,SE,broken clouds
313,Lewistown,40.6,-77.57,71.6,33,1,5.82,US,clear sky
314,Azul,-36.78,-59.86,74.7,57,89,3.2,AR,overcast clouds
315,San Patricio,28.02,-97.52,82.4,54,20,12.75,US,few clouds
316,Vestmannaeyjar,63.44,-20.27,44.6,87,75,21.92,IS,broken clouds
317,Awjilah,29.11,21.29,64.11,72,0,12.93,LY,clear sky
318,Aldan,58.6,125.39,-4.86,91,100,5.1,RU,overcast clouds
319,Vila Franca Do Campo,37.72,-25.43,60.8,72,40,8.05,PT,light intensity shower rain
320,Severo-Kurilsk,50.68,156.12,34.48,83,3,1.92,RU,clear sky
321,Port Lincoln,-34.73,135.87,60.22,71,29,16.11,AU,scattered clouds
322,San Andres,12.58,-81.7,86.0,74,40,6.93,CO,scattered clouds
323,Khorramshahr,30.44,48.17,78.8,69,0,11.41,IR,clear sky
324,Ayagoz,47.97,80.44,33.01,85,9,2.68,KZ,clear sky
325,Korla,41.76,86.15,35.35,71,0,3.02,CN,clear sky
326,College,64.86,-147.8,26.01,94,100,3.15,US,overcast clouds
327,Caravelas,-17.71,-39.25,76.48,84,0,5.82,BR,clear sky
328,Kosum Phisai,16.25,103.07,73.4,83,75,3.36,TH,broken clouds
329,Kimbe,-5.55,150.14,78.4,80,42,2.91,PG,scattered clouds
330,Chapais,49.78,-74.85,32.0,97,90,8.05,CA,overcast clouds
331,Pervomayskiy,53.25,40.29,37.99,80,0,8.25,RU,clear sky
332,Luena,-11.78,19.92,62.94,92,100,2.06,AO,moderate rain
333,Westport,41.14,-73.36,71.01,49,1,8.05,US,clear sky
334,Port Alberni,49.24,-124.8,46.0,68,0,1.01,CA,clear sky
335,Port-Gentil,-0.72,8.78,78.8,94,75,11.41,GA,thunderstorm
336,Hamilton,39.18,-84.53,73.99,33,1,9.17,US,clear sky
337,Grand-Santi,4.25,-54.38,87.19,55,11,2.62,GF,few clouds
338,Daru,-9.08,143.21,76.57,91,98,5.55,PG,overcast clouds
339,Leeuwarden,53.2,5.81,45.0,100,0,6.93,NL,mist
340,Xingyi,24.19,102.82,47.48,98,11,3.0,CN,few clouds
341,Linjiang,41.81,126.91,26.98,81,0,6.11,CN,clear sky
342,Deputatskiy,69.3,139.9,-6.23,92,96,3.4,RU,overcast clouds
343,Mineral Wells,32.81,-98.11,75.99,47,1,14.99,US,clear sky
344,San Jeronimo,-11.95,-75.28,56.07,59,87,4.94,PE,light rain
345,Te Anau,-45.42,167.72,45.05,69,79,7.29,NZ,broken clouds
346,Takoradi,4.88,-1.76,79.05,86,99,9.08,GH,light rain
347,Paracuru,-3.41,-39.03,84.2,66,20,13.87,BR,few clouds
348,Necochea,-38.55,-58.74,63.64,77,0,9.6,AR,clear sky
349,Seddon,-37.81,144.89,52.0,87,0,6.93,AU,clear sky
350,Portree,57.41,-6.19,41.0,81,44,3.18,GB,scattered clouds
351,Aban,56.67,96.06,36.7,98,100,8.93,RU,moderate rain
352,Conde,-7.26,-34.91,80.6,78,40,17.22,BR,scattered clouds
353,Tonaya,19.78,-103.97,84.2,51,20,6.93,MX,few clouds
354,Doha,25.29,51.53,84.0,65,0,4.7,QA,clear sky
355,Iqaluit,63.75,-68.51,10.4,78,75,5.82,CA,broken clouds
356,Honiara,-9.43,159.95,73.4,100,20,2.24,SB,few clouds
357,Ferrol,43.48,-8.24,60.01,93,75,4.7,ES,light rain
358,Upington,-28.45,21.26,75.2,31,11,6.93,ZA,few clouds
359,Khammam,17.25,80.15,70.93,85,24,3.04,IN,few clouds
360,Talnakh,69.49,88.4,19.4,79,75,13.42,RU,light shower snow
361,Buraydah,26.33,43.98,68.0,94,75,3.36,SA,broken clouds
362,Eyl,7.98,49.82,78.69,78,73,14.38,SO,broken clouds
363,Redlands,34.06,-117.18,57.0,81,90,5.82,US,overcast clouds
364,Udachnyy,66.42,112.4,-2.2,84,0,6.71,RU,clear sky
365,Sainte-Maxime,43.3,6.63,62.01,77,100,4.7,FR,light rain
366,Lagoa,39.05,-27.98,61.09,73,0,19.8,PT,clear sky
367,Alvaraes,-3.22,-64.8,91.4,63,40,3.36,BR,thunderstorm
368,Nouadhibou,20.93,-17.03,71.6,73,67,16.11,MR,broken clouds
369,Carutapera,-1.2,-46.02,82.53,72,4,10.58,BR,clear sky
370,Gulu,2.77,32.3,63.03,94,81,6.73,UG,moderate rain
371,Sangar,63.92,127.47,-13.54,89,97,4.79,RU,overcast clouds
372,Nioro,13.35,-15.75,84.06,46,0,4.88,GM,clear sky
373,Sao Paulo De Olivenca,-3.38,-68.87,87.26,66,98,2.64,BR,overcast clouds
374,Oltu,40.55,42.0,42.04,68,97,4.25,TR,overcast clouds
375,Pemba,-12.97,40.52,78.01,83,20,9.17,MZ,few clouds
376,Batagay,67.63,134.63,-26.97,84,51,1.45,RU,broken clouds
377,Ion Corvin,44.12,27.8,48.0,93,5,3.36,RO,clear sky
378,Tahe,52.33,124.73,10.26,90,97,9.4,CN,overcast clouds
379,Ahipara,-35.17,173.17,64.89,71,31,13.09,NZ,scattered clouds
380,Zaykovo,57.56,62.76,35.4,93,100,2.26,RU,overcast clouds
381,Mahibadhoo,3.78,72.97,83.43,77,99,10.89,MV,light rain
382,Yurimaguas,-5.9,-76.08,95.99,37,79,3.4,PE,broken clouds
383,Alliance,40.92,-81.11,71.6,35,20,6.93,US,few clouds
384,Bubaque,11.28,-15.83,84.97,77,0,14.25,GW,clear sky
385,Trairi,-3.28,-39.27,80.51,73,26,11.99,BR,scattered clouds
386,Marawi,8.0,124.29,73.99,90,100,4.0,PH,overcast clouds
387,Paamiut,61.99,-49.67,28.67,90,100,17.52,GL,overcast clouds
388,Manjacaze,-24.71,33.88,86.88,35,0,10.8,MZ,clear sky
389,Abdulino,53.7,53.67,34.36,89,92,11.77,RU,overcast clouds
390,Sakata,38.92,139.85,58.71,69,18,20.96,JP,few clouds
391,Yumen,40.28,97.2,27.54,84,42,0.65,CN,scattered clouds
392,Sohag,26.56,31.69,66.2,55,0,6.93,EG,clear sky
393,Olinda,-8.01,-34.86,82.4,69,75,14.99,BR,broken clouds
394,Half Moon Bay,37.46,-122.43,61.0,66,1,14.99,US,clear sky
395,Manavgat,36.79,31.44,66.0,36,0,9.17,TR,clear sky
396,Praia,14.92,-23.51,78.8,78,0,10.29,CV,clear sky
397,Cap Malheureux,-19.98,57.61,71.01,76,21,1.99,MU,few clouds
398,Manokwari,-0.87,134.08,79.99,72,99,3.58,ID,heavy intensity rain
399,Hovd,48.01,91.64,27.34,90,64,0.78,MN,broken clouds
400,Finschhafen,-6.6,147.87,80.1,70,31,3.36,PG,scattered clouds
401,Faya,18.39,42.45,62.6,63,0,1.86,SA,clear sky
402,Pisco,-13.7,-76.22,66.99,82,90,6.93,PE,overcast clouds
403,Ulladulla,-35.35,150.47,55.4,71,90,5.82,AU,overcast clouds
404,Shelburne,44.08,-80.2,69.8,46,20,8.05,CA,few clouds
405,Dali,25.7,100.18,48.51,73,0,1.81,CN,clear sky
406,Moulins,46.5,3.33,61.0,76,90,5.82,FR,overcast clouds
407,Gazojak,41.19,61.4,51.49,76,100,8.37,TM,overcast clouds
408,Quang Ngai,15.12,108.8,72.46,89,86,6.89,VN,light rain
409,Hervey Bay,-25.3,152.85,72.0,67,3,4.0,AU,clear sky
410,Hailar,49.2,119.7,12.51,93,0,8.05,CN,clear sky
411,Le Port,-20.94,55.29,71.6,78,20,14.99,RE,few clouds
412,Mandvi,22.83,69.37,80.26,39,0,9.6,IN,clear sky
413,Lyngseidet,69.58,20.22,35.6,74,75,53.02,NO,light rain
414,Benguela,-12.58,13.41,76.96,72,80,3.4,AO,broken clouds
415,Namibe,-15.2,12.15,70.39,67,28,10.27,AO,scattered clouds
416,Aripuana,-9.17,-60.63,91.56,44,76,2.66,BR,broken clouds
417,Bozuyuk,39.91,30.04,44.6,86,20,5.82,TR,few clouds
418,Carnarvon,-24.87,113.63,69.8,77,75,14.99,AU,broken clouds
419,Lyubech,51.7,30.66,42.26,97,2,7.05,UA,clear sky
420,Sochi,43.6,39.73,44.6,93,20,4.47,RU,few clouds
421,Jovellar,13.07,123.6,75.85,91,99,4.61,PH,overcast clouds
422,Barranco De Loba,8.95,-74.11,85.17,74,29,5.06,CO,light rain
423,Agadir,30.42,-9.6,64.4,77,0,10.29,MA,clear sky
424,Mandurah,-32.55,115.7,64.0,83,2,6.22,AU,clear sky
425,Vao,-22.67,167.48,73.31,73,73,11.32,NC,broken clouds
426,Naila,50.32,11.7,37.0,85,0,1.99,DE,clear sky
427,Orem,40.3,-111.69,64.99,39,90,23.04,US,overcast clouds
428,Upata,8.01,-62.4,91.99,55,76,1.99,VE,light rain
429,Novyy Urengoy,66.08,76.63,31.71,99,100,4.23,RU,overcast clouds
430,Hamada,34.88,132.08,55.99,88,8,5.01,JP,clear sky
431,Kaseda,31.42,130.32,64.0,88,100,11.01,JP,light rain
432,Hailun,47.45,126.93,26.08,97,100,17.94,CN,snow
433,Caluquembe,-13.78,14.68,64.65,87,100,4.05,AO,overcast clouds
434,Chigorodo,7.67,-76.68,84.31,67,70,5.41,CO,broken clouds
435,Maceio,-9.67,-35.74,80.6,78,75,12.75,BR,broken clouds
436,Praya,14.92,-23.51,78.8,78,0,10.29,CV,clear sky
437,Beira,-19.84,34.84,80.6,74,0,14.99,MZ,clear sky
438,Cordele,31.96,-83.78,78.8,61,40,6.93,US,scattered clouds
439,Leningradskiy,69.38,178.42,19.65,96,100,11.39,RU,light snow
440,Ucluelet,48.93,-125.55,46.4,61,5,6.93,CA,clear sky
441,Khudumelapye,-23.88,24.75,84.56,20,9,4.27,BW,clear sky
442,Yasnyy,51.03,59.87,36.3,95,100,14.18,RU,light rain
443,Bandarban,22.2,92.23,66.33,96,0,1.88,BD,clear sky
444,Panguna,-6.32,155.48,74.08,89,1,1.23,PG,clear sky
445,Clermont,49.5,2.42,50.0,100,0,2.24,FR,clear sky
446,Emerald,-23.53,148.17,70.0,94,90,9.17,AU,overcast clouds
447,Taman,45.21,36.72,51.8,76,1,6.71,RU,clear sky
448,Dunedin,-45.87,170.5,51.01,61,93,18.01,NZ,overcast clouds
449,Sault Sainte Marie,46.52,-84.33,66.2,63,1,11.41,CA,clear sky
450,Tete,-16.16,33.59,88.66,22,87,1.88,MZ,overcast clouds
451,Kyrylivka,46.38,35.37,50.65,82,8,11.07,UA,clear sky
452,Castelo Branco,39.82,-7.49,57.99,80,87,3.0,PT,overcast clouds
453,Gizo,-8.1,156.84,83.32,74,29,7.09,SB,scattered clouds
454,Axim,4.87,-2.24,78.73,87,71,7.34,GH,light rain
455,Pasinler,39.98,41.68,35.6,69,0,4.7,TR,clear sky
456,Petropavlovsk-Kamchatskiy,53.05,158.65,19.4,85,46,8.95,RU,scattered clouds
457,Husavik,66.04,-17.34,46.4,77,75,5.82,IS,light intensity drizzle
458,Xuddur,4.12,43.89,74.07,82,99,8.99,SO,overcast clouds
459,Oudtshoorn,-33.59,22.2,60.8,93,0,8.05,ZA,clear sky
460,La Ronge,55.1,-105.28,21.2,79,100,8.05,CA,overcast clouds
461,Emba,48.83,58.14,38.43,77,86,19.89,KZ,overcast clouds
462,Khasan,42.43,130.64,36.1,70,14,19.55,RU,few clouds
463,Darnah,32.77,22.64,67.71,74,54,13.82,LY,light rain
464,Sechura,-5.56,-80.82,71.33,62,48,18.72,PE,scattered clouds
465,Sinnamary,5.38,-52.95,81.25,78,46,14.74,GF,scattered clouds
466,Norman Wells,65.28,-126.83,24.8,92,75,2.24,CA,light snow
467,Flinders,-34.58,150.86,59.0,71,49,6.8,AU,scattered clouds
468,Paita,-5.09,-81.11,67.33,73,26,15.66,PE,scattered clouds
469,Kuliyapitiya,7.47,80.04,77.0,94,7,2.24,LK,mist
470,Lilongwe,-13.97,33.79,75.79,40,0,4.83,MW,clear sky
471,Luba,3.46,8.55,77.0,100,20,3.36,GQ,few clouds
472,Nanortalik,60.14,-45.24,32.47,90,100,7.54,GL,overcast clouds
473,Hobyo,5.35,48.53,79.41,78,52,10.63,SO,broken clouds
474,Acurenam,1.03,10.65,68.99,98,100,3.85,GQ,moderate rain
475,El Alto,-4.27,-81.21,66.9,78,28,13.4,PE,scattered clouds
476,Cascavel,-24.96,-53.46,80.64,42,0,3.22,BR,clear sky
477,Sawtell,-30.38,153.1,61.0,77,75,10.29,AU,broken clouds
478,Nome,64.5,-165.41,37.4,86,1,11.41,US,clear sky
479,Muros,42.78,-9.06,60.01,89,22,11.99,ES,light rain
480,Manta,-0.95,-80.73,80.6,65,40,8.05,EC,scattered clouds
481,Robore,-18.33,-59.75,104.0,28,18,5.88,BO,few clouds
482,Porto Novo,6.5,2.6,82.4,78,20,6.93,BJ,few clouds
483,Xingcheng,40.62,120.72,34.75,62,0,10.89,CN,clear sky
484,Quthing,-30.4,27.7,64.47,36,0,5.44,LS,clear sky
485,Nizhniy Kuranakh,58.84,125.49,-0.29,91,100,6.13,RU,overcast clouds
486,Dvinskoy,62.15,45.12,36.0,95,100,11.74,RU,moderate rain
487,Venado Tuerto,-33.75,-61.97,82.99,39,6,11.01,AR,clear sky
488,Valleyview,55.07,-117.29,17.6,72,92,9.17,CA,overcast clouds
489,Nazira,26.92,94.73,64.2,91,0,1.48,IN,clear sky
490,Teguldet,57.31,88.17,37.24,81,100,9.98,RU,overcast clouds
491,Markova,48.68,24.41,44.04,77,0,3.85,UA,clear sky
492,Golpayegan,33.45,50.29,48.76,47,100,1.95,IR,overcast clouds
493,Hasilpur,29.71,72.56,62.76,29,0,2.62,PK,clear sky
494,Ballina,-28.87,153.57,64.0,88,90,8.05,AU,overcast clouds
495,Cassia,-20.58,-46.92,79.18,47,3,2.98,BR,clear sky
496,Montes Claros,-16.73,-43.86,74.89,76,100,4.05,BR,overcast clouds
497,La Victoria,10.22,-67.33,75.0,83,21,1.41,VE,few clouds
498,Summerside,46.4,-63.79,44.6,75,98,13.87,CA,overcast clouds
499,Kambja,58.23,26.7,50.0,93,100,13.87,EE,mist
500,Bani Walid,31.76,13.99,62.24,81,0,7.45,LY,clear sky
501,Broken Hill,-31.95,141.43,57.2,41,0,10.29,AU,clear sky
502,Tomatlan,19.93,-105.25,86.29,60,49,8.88,MX,scattered clouds
503,Kyabe,9.45,18.94,80.76,46,100,3.47,TD,overcast clouds
504,Snezhnogorsk,69.19,33.25,33.8,86,75,8.95,RU,broken clouds
505,Sandwick,60.0,-1.25,44.6,100,94,3.67,GB,overcast clouds
506,Illapel,-31.63,-71.17,76.37,35,0,8.55,CL,clear sky
507,Corinto,37.94,22.96,62.01,45,85,10.92,GR,overcast clouds
508,Penzance,50.12,-5.54,55.4,100,100,12.75,GB,moderate rain
509,Leshukonskoye,64.9,45.76,32.63,97,100,6.89,RU,overcast clouds
510,Solnechnyy,50.72,136.63,18.95,87,100,6.17,RU,overcast clouds
511,Storforshei,66.4,14.52,37.0,94,49,5.01,NO,scattered clouds
512,Saint Anthony,45.02,-93.22,73.99,52,1,16.11,US,clear sky
513,Holland,42.79,-86.11,70.0,37,1,21.92,US,clear sky
514,Tyukhtet,56.54,89.3,37.36,85,72,7.96,RU,broken clouds
515,Kirakira,-10.45,161.92,82.71,75,76,5.59,SB,broken clouds
516,Leninsk,48.71,45.2,41.0,86,75,13.42,RU,broken clouds
517,Jodhpur,26.29,73.03,69.4,26,0,2.35,IN,clear sky
518,Pamplona,42.82,-1.64,55.0,100,40,1.12,ES,scattered clouds
519,Lahuachaca,-17.37,-67.67,58.53,33,26,15.41,BO,scattered clouds
520,Nhulunbuy,-12.23,136.77,77.0,83,87,9.15,AU,overcast clouds
521,Almaznyy,48.04,40.05,44.6,87,20,8.95,RU,few clouds
522,Kayerkan,69.35,87.76,19.4,79,75,13.42,RU,light shower snow
523,Palu,-0.89,119.87,75.54,80,99,2.84,ID,light rain
524,Asfi,32.3,-9.24,66.2,77,27,4.05,MA,scattered clouds
525,Cuajinicuilapa,16.47,-98.42,87.58,60,70,8.75,MX,broken clouds
526,Vinh,18.67,105.67,70.09,80,10,6.64,VN,clear sky
527,Kidal,18.44,1.41,76.05,18,1,11.81,ML,clear sky
528,Rawson,-43.3,-65.1,67.55,36,97,21.97,AR,overcast clouds
529,Kawalu,-7.38,108.21,70.09,91,33,0.81,ID,scattered clouds
530,Chicama,-7.84,-79.15,68.0,72,15,9.17,PE,few clouds
531,Vila Velha,-20.33,-40.29,77.0,78,75,6.93,BR,broken clouds
532,Margate,51.38,1.39,54.0,91,31,1.99,GB,scattered clouds
533,Gorin,51.2,136.67,19.0,89,100,6.58,RU,overcast clouds
534,Lata,40.16,-8.33,60.01,92,85,1.99,PT,overcast clouds
535,Aktash,50.3,87.73,19.53,92,43,5.17,RU,scattered clouds
536,Itanhaem,-24.18,-46.79,73.4,64,90,5.82,BR,overcast clouds
537,Itarema,-2.92,-39.92,80.87,73,58,16.98,BR,broken clouds
538,Muana,-1.53,-49.22,82.26,75,98,2.71,BR,overcast clouds
539,Alice Town,25.72,-79.3,80.2,76,100,28.59,BS,overcast clouds
540,Havre,49.58,0.33,55.4,82,0,9.17,FR,clear sky
541,Bafq,31.61,55.41,62.1,25,47,10.13,IR,scattered clouds
542,Bafoulabe,13.81,-10.83,88.05,16,0,5.84,ML,clear sky
543,Luderitz,-26.65,15.16,62.85,86,0,5.12,NA,clear sky
544,Zhanaozen,43.3,52.8,45.21,68,100,9.95,KZ,overcast clouds
545,Khani,41.96,42.96,51.8,93,90,11.41,GE,overcast clouds
546,Lerwick,60.15,-1.15,44.6,100,98,2.04,GB,overcast clouds
547,Chulman,56.85,124.91,-4.29,90,100,6.91,RU,overcast clouds
548,Galesong,-5.32,119.37,79.03,63,91,3.65,ID,overcast clouds
549,Samarai,-10.62,150.67,81.41,82,13,8.01,PG,light rain
550,Ankara,39.92,32.85,46.0,75,0,1.12,TR,clear sky
551,Shache,38.42,77.24,32.88,84,0,3.29,CN,clear sky
552,Ruwi,23.6,58.55,80.6,65,75,5.82,OM,broken clouds
553,Fort Nelson,58.81,-122.7,12.2,85,75,4.21,CA,broken clouds
554,Codrington,-38.27,141.97,46.54,86,4,5.53,AU,clear sky
555,Bezhetsk,57.79,36.7,42.46,91,17,13.22,RU,few clouds
556,Saint-Pierre,-21.34,55.48,73.4,78,0,11.41,RE,clear sky
557,Ugoofaaru,5.67,73.0,82.69,75,100,10.78,MV,overcast clouds
558,Linguere,15.4,-15.12,92.88,21,0,8.86,SN,clear sky
559,Sur,22.57,59.53,75.36,76,0,7.58,OM,clear sky
560,Morehead,37.27,-87.18,80.6,31,1,4.7,US,clear sky
561,Carbonia,39.17,8.52,62.01,87,40,3.36,IT,light rain
562,Saldanha,-33.01,17.94,62.6,82,0,12.75,ZA,clear sky
563,Richards Bay,-28.78,32.04,71.56,92,2,7.81,ZA,clear sky
564,Matay,28.42,30.78,63.54,55,4,5.44,EG,clear sky
565,Osypenko,46.91,36.83,49.44,73,79,7.72,UA,broken clouds
566,Kiunga,-6.12,141.29,71.47,98,100,1.61,PG,overcast clouds
567,Shingu,33.73,135.98,61.79,88,100,4.92,JP,light rain
568,Mujiayingzi,42.12,118.78,23.11,66,0,5.19,CN,clear sky
569,Santa Isabel,-23.32,-46.22,75.2,60,0,8.05,BR,clear sky
570,Togur,58.36,82.83,36.46,82,100,11.95,RU,overcast clouds
571,Mildura,-34.2,142.15,51.01,70,0,8.05,AU,clear sky
572,Kilindoni,-7.91,39.67,80.38,80,18,15.43,TZ,light rain
573,Mundgod,14.97,75.03,71.13,87,0,10.6,IN,clear sky
574,Macomb,40.46,-90.67,72.0,43,1,12.75,US,clear sky
575,Bambui,-20.01,-45.98,82.27,48,48,4.63,BR,scattered clouds
576,Kantang,7.41,99.52,79.0,98,46,2.93,TH,scattered clouds
577,Port Blair,11.67,92.75,80.96,80,0,7.36,IN,moderate rain
578,Malartic,48.13,-78.13,46.4,93,90,3.36,CA,mist
579,Launceston,-41.45,147.17,50.0,75,0,4.7,AU,clear sky
580,Winnemucca,40.97,-117.74,33.8,86,90,8.05,US,fog
581,Manakara,-22.13,48.02,71.73,89,78,8.03,MG,broken clouds
582,Yeppoon,-23.13,150.73,75.2,64,90,10.29,AU,overcast clouds
583,Loandjili,-4.76,11.86,80.6,83,75,12.75,CG,broken clouds
584,Hendek,40.8,30.75,51.8,93,75,2.89,TR,broken clouds
585,Souillac,-20.52,57.52,73.4,78,40,6.93,MU,scattered clouds
586,Oranjemund,-28.55,16.43,62.83,86,27,4.18,NA,scattered clouds
587,Punta Alta,-38.88,-62.07,71.15,39,1,19.1,AR,clear sky
588,Kupang,-10.17,123.58,78.75,76,20,3.24,ID,few clouds
589,Sayyan,15.17,44.32,52.61,41,4,2.98,YE,clear sky
590,Sao Felix Do Xingu,-6.64,-51.99,81.9,70,18,2.77,BR,few clouds
591,Kaliua,-5.06,31.79,73.42,66,73,2.26,TZ,broken clouds
592,Puerto Quijarro,-17.78,-57.77,105.57,12,0,4.97,BO,clear sky
593,Gravdal,68.12,13.5,38.88,74,100,17.22,NO,overcast clouds
594,Bara,10.37,10.73,76.91,27,0,5.79,NG,clear sky
595,Porangatu,-13.44,-49.15,81.03,64,100,3.11,BR,overcast clouds
596,Eirunepe,-6.66,-69.87,94.35,41,81,2.98,BR,broken clouds
597,Kangaatsiaq,68.31,-53.46,15.71,84,44,7.74,GL,scattered clouds
598,Beaverlodge,55.22,-119.44,19.4,73,75,17.22,CA,broken clouds
599,Kadyy,57.79,43.19,36.28,87,77,9.15,RU,broken clouds
600,Nayoro,44.35,142.46,39.16,83,36,5.91,JP,scattered clouds
601,Kannur,11.87,75.36,80.6,88,20,2.24,IN,mist
602,Raudeberg,61.99,5.14,45.0,96,83,3.74,NO,broken clouds
603,Churapcha,62.0,132.43,-10.26,90,100,5.35,RU,overcast clouds
604,Liverpool,53.41,-2.98,51.01,93,98,6.93,GB,overcast clouds
605,Kavaratti,10.57,72.64,82.98,75,0,7.96,IN,clear sky
606,Russell,32.35,-85.2,71.6,88,90,5.82,US,overcast clouds
607,Santa Isabel Do Rio Negro,-0.41,-65.02,75.88,90,100,1.3,BR,moderate rain
608,Pajarito,5.29,-72.7,72.36,84,100,1.63,CO,moderate rain
609,Bajil,15.06,43.29,81.84,58,0,3.76,YE,clear sky
610,Ushtobe,45.25,77.98,45.91,42,99,5.5,KZ,overcast clouds
611,Bosaso,11.28,49.18,74.66,73,35,3.98,SO,scattered clouds
612,Mier,26.43,-99.15,87.8,25,1,5.82,MX,clear sky
613,Aloleng,16.13,119.78,79.83,86,100,5.99,PH,moderate rain
614,Calvinia,-31.47,19.78,50.13,84,49,8.99,ZA,scattered clouds
615,Kalmar,56.66,16.36,50.0,87,75,6.93,SE,broken clouds
616,Vardo,70.37,31.11,39.85,73,95,31.09,NO,light rain
617,Kholm,59.27,32.85,46.62,91,61,11.5,RU,broken clouds
618,Naze,28.37,129.48,73.4,94,75,16.11,JP,mist
619,Prince Albert,53.2,-105.77,23.0,92,90,16.11,CA,light snow
620,Tautira,-17.73,-149.15,84.2,70,20,12.75,PF,few clouds
621,Coihaique,-45.58,-72.07,68.0,37,0,5.82,CL,clear sky
622,Karratha,-20.74,116.85,69.96,67,0,9.91,AU,light rain
623,Cap-Aux-Meules,47.38,-61.86,39.2,73,48,27.51,CA,scattered clouds
624,Parana,-31.73,-60.52,90.0,28,10,1.99,AR,clear sky
625,Leo,11.1,-2.1,77.81,18,0,4.83,BF,clear sky
626,Vestmanna,62.16,-7.17,41.0,86,85,1.12,FO,overcast clouds
627,Ginir,7.13,40.7,57.38,98,100,2.55,ET,light rain
628,Blagoyevo,63.37,47.92,33.49,94,100,10.04,RU,snow
629,Tamiahua,21.27,-97.45,79.54,67,92,8.97,MX,overcast clouds
630,Motema,8.6,-11.03,72.18,90,18,1.23,SL,few clouds
631,Mahanje,-9.93,35.33,68.09,61,0,4.63,TZ,clear sky
632,Balurghat,25.22,88.77,65.91,83,0,6.26,IN,clear sky
633,Broadstairs,51.36,1.44,54.0,90,32,1.01,GB,scattered clouds
634,State College,40.79,-77.86,71.6,33,1,5.82,US,clear sky
635,General Roca,-39.03,-67.58,86.0,28,0,11.41,AR,clear sky
636,Sciacca,37.51,13.09,57.99,89,1,4.0,IT,clear sky
637,Vila,42.03,-8.16,55.0,94,98,1.01,PT,overcast clouds
638,Sumbe,-11.21,13.84,76.89,79,96,10.74,AO,light rain
639,Topolobampo,25.6,-109.05,88.0,58,40,11.41,MX,scattered clouds
640,Dolores Hidalgo,21.16,-100.93,80.01,31,83,2.86,MX,broken clouds
641,Kang,-23.68,22.79,83.7,17,0,3.04,BW,clear sky
642,Opelousas,30.53,-92.08,79.0,65,40,4.7,US,scattered clouds
643,Ponta Delgada,37.73,-25.67,60.8,72,40,8.05,PT,light intensity shower rain
644,Proletarsk,46.7,41.72,47.19,83,47,11.34,RU,scattered clouds
645,Shostka,51.86,33.47,42.96,94,0,7.16,UA,clear sky
646,Oranjestad,12.52,-70.03,86.0,70,40,9.17,AW,scattered clouds
647,Mirnyy,62.54,113.96,1.4,77,20,4.47,RU,few clouds
648,Egvekinot,66.32,-179.17,21.56,98,100,4.83,RU,light snow
649,Belaya Gora,68.53,146.42,-2.6,92,100,2.73,RU,overcast clouds
650,Puerto Escondido,15.85,-97.07,87.8,70,20,5.82,MX,few clouds
651,Milkovo,54.72,158.62,23.02,89,6,2.37,RU,clear sky
652,Moree,-29.47,149.85,62.6,63,40,9.17,AU,scattered clouds
653,Ormara,25.21,64.64,76.03,46,0,4.54,PK,clear sky
654,Sao Desiderio,-12.36,-44.97,75.4,83,99,3.36,BR,light rain
655,Rio Gallegos,-51.62,-69.22,66.2,32,40,20.8,AR,scattered clouds
656,Sosnovo-Ozerskoye,52.52,111.54,7.18,93,39,7.16,RU,scattered clouds
657,Yelan,50.95,43.74,38.8,89,69,11.52,RU,broken clouds
658,Lanxi,29.22,119.48,61.0,17,2,2.53,CN,clear sky
659,Otjimbingwe,-22.35,16.13,65.8,35,0,3.6,NA,clear sky
660,Letpadan,17.78,95.75,73.08,95,0,7.16,MM,clear sky
661,Virginia Beach,36.85,-75.98,73.4,56,20,6.93,US,few clouds
662,Pestyaki,56.71,42.67,35.85,90,42,8.52,RU,scattered clouds
663,Evensk,61.95,159.23,12.7,90,92,9.86,RU,overcast clouds
664,Mersing,2.43,103.84,73.4,100,48,5.82,MY,scattered clouds
665,Verkhnevilyuysk,63.45,120.32,-5.87,91,89,4.38,RU,overcast clouds
666,Yelyzavethradka,48.8,32.4,44.69,93,67,3.96,UA,broken clouds
667,Howell,42.61,-83.93,71.6,26,1,12.75,US,clear sky
668,Muroto,33.28,134.15,69.84,72,99,7.36,JP,overcast clouds
669,Vilhena,-12.74,-60.15,91.4,43,75,6.93,BR,broken clouds
670,Kuybyshevo,47.81,38.91,46.51,77,0,7.65,RU,clear sky
671,Krasnoselkup,65.7,82.47,34.41,98,100,8.88,RU,overcast clouds
672,San Fernando,15.03,120.69,77.0,88,90,9.17,PH,heavy intensity rain
673,Locri,38.24,16.26,57.2,76,20,4.7,IT,few clouds
674,Saint-Paul,-21.01,55.27,71.6,78,20,14.99,RE,few clouds
675,Boueni,-12.9,45.08,77.0,83,0,2.24,YT,clear sky
676,Manicore,-5.81,-61.3,89.02,58,100,2.17,BR,overcast clouds
677,Vasilyevskiy Mokh,57.01,35.92,42.93,91,0,9.31,RU,clear sky
678,Saint-Francois,46.42,3.91,57.2,76,90,5.82,FR,overcast clouds
679,Himatangi,-40.4,175.32,64.99,86,87,5.99,NZ,overcast clouds
680,Zhangjiakou,40.81,114.88,31.37,77,0,6.49,CN,clear sky
681,Soroca,48.16,28.3,45.0,90,0,1.03,MD,clear sky
682,Acarau,-2.89,-40.12,81.25,72,55,18.28,BR,broken clouds
683,Cay,38.59,31.03,44.82,60,0,7.67,TR,clear sky
684,Wainwright,52.84,-110.86,30.2,100,100,10.29,CA,overcast clouds
685,Poum,-20.23,164.02,76.82,73,5,12.91,NC,clear sky
686,Peniche,39.36,-9.38,63.0,87,16,8.01,PT,few clouds
687,Winneba,5.35,-0.62,82.4,83,20,11.41,GH,few clouds
